{
  "schema_version": "BatchCritiqueSummary v1",
  "project_id": "proj_esther_estate",
  "unit_id": "sc_0002",
  "draft_id": "dr_sc0002_19a98126add_a5930f",
  "rubric": [
    "Continuity",
    "Pacing",
    "Voice"
  ],
  "rubric_id": "baseline",
  "summary": "Draft 'Locked Parlor' spans 44 words across 3 line(s). Average sentence length is 14.7 words; longest sentence uses 22 words.",
  "priorities": [
    "Validate logical continuity between beats.",
    "Ensure character motivation remains visible in each reversal.",
    "Expand atmospheric detail to deepen horror tone."
  ],
  "model": {
    "name": "black-skies-rubric-v1",
    "provider": "offline"
  },
  "captured_at": "2025-11-18T17:45:35.218615Z",
  "budget": {
    "estimated_usd": 0.02,
    "status": "ok",
    "message": "Estimate within budget.",
    "soft_limit_usd": 12.5,
    "hard_limit_usd": 25.0,
    "spent_usd": 1.04,
    "total_after_usd": 1.04
  }
}
