{
  "project_id": "proj_esther_estate",
  "verified_at": "2025-11-20T16:22:08.425979Z",
  "status": "ok",
  "message": "Verified 7 snapshot(s) and 0 backup(s) with no issues.",
  "checked_snapshots": 7,
  "failed_snapshots": 0,
  "checked_backups": 0,
  "failed_backups": 0,
  "snapshot_dir": "C:\\Dev\\black-skies\\sample_project\\proj_esther_estate\\.snapshots",
  "backups_dir": "backups",
  "snapshots": [
    {
      "snapshot_id": "ss_20251118T213550Z",
      "path": ".snapshots/ss_20251118T213550Z",
      "status": "ok",
      "errors": []
    },
    {
      "snapshot_id": "ss_20251118T213515Z",
      "path": ".snapshots/ss_20251118T213515Z",
      "status": "ok",
      "errors": []
    },
    {
      "snapshot_id": "ss_20251118T213113Z",
      "path": ".snapshots/ss_20251118T213113Z",
      "status": "ok",
      "errors": []
    },
    {
      "snapshot_id": "ss_20251118T213031Z",
      "path": ".snapshots/ss_20251118T213031Z",
      "status": "ok",
      "errors": []
    },
    {
      "snapshot_id": "ss_20251118T213018Z",
      "path": ".snapshots/ss_20251118T213018Z",
      "status": "ok",
      "errors": []
    },
    {
      "snapshot_id": "ss_20251118T175412Z",
      "path": ".snapshots/ss_20251118T175412Z",
      "status": "ok",
      "errors": []
    },
    {
      "snapshot_id": "ss_20251118T175317Z",
      "path": ".snapshots/ss_20251118T175317Z",
      "status": "ok",
      "errors": []
    }
  ],
  "backups": [],
  "integrity": {
    "project_id": "proj_esther_estate",
    "project_root": "C:\\Dev\\black-skies\\sample_project\\proj_esther_estate",
    "is_ok": true,
    "errors": [],
    "warnings": []
  }
}